{
    "description_embedding": {
        "mean": -0.04773935914039612,
        "std": 0.12974401398464022,
        "median": -4.312396049499512e-05,
        "abs_mean": 0.08541022658348084
    },
    "blurb_embedding": {
        "mean": -0.004307810068130493,
        "std": 0.057638217904305705,
        "median": 0.009417474269866943,
        "abs_mean": 0.04321208953857422
    },
    "risk_embedding": {
        "mean": -0.006806913018226624,
        "std": 0.04346330128177574,
        "median": 0.0017384588718414307,
        "abs_mean": 0.03190904676914215
    },
    "subcategory_embedding": {
        "mean": 0.004530811309814453,
        "std": 0.04769137222665771,
        "median": 0.0029967427253723145,
        "abs_mean": 0.04198044180870056
    },
    "category_embedding": {
        "mean": 0.004482865929603576,
        "std": 0.012029363557859983,
        "median": 0.006956189870834351,
        "abs_mean": 0.010369669795036316
    },
    "country_embedding": {
        "mean": 0.006654693484306335,
        "std": 0.012928388737307433,
        "median": 0.014862120151519775,
        "abs_mean": 0.012220465540885926
    },
    "description_length": {
        "mean": -0.003978367447853088,
        "std": 0.047304299186165404,
        "median": 0.00788697600364685,
        "abs_mean": 0.024810147881507875
    },
    "funding_goal": {
        "mean": -0.5827478495240211,
        "std": 0.12207043694756635,
        "median": -0.6022645831108093,
        "abs_mean": 0.5827478495240211
    },
    "image_count": {
        "mean": 0.007972782850265503,
        "std": 0.010081003866207222,
        "median": 0.003841578960418701,
        "abs_mean": 0.007972782850265503
    },
    "video_count": {
        "mean": 0.00807273805141449,
        "std": 0.008563167965415425,
        "median": 0.0,
        "abs_mean": 0.00807273805141449
    },
    "campaign_duration": {
        "mean": -0.00418428897857666,
        "std": 0.03399422243522343,
        "median": 0.0006876289844512939,
        "abs_mean": 0.005926697254180908
    },
    "previous_projects_count": {
        "mean": 0.0009909749031066894,
        "std": 0.0032853736679270247,
        "median": 0.0,
        "abs_mean": 0.0009909749031066894
    },
    "previous_success_rate": {
        "mean": 0.0010899239778518676,
        "std": 0.0021064483705208305,
        "median": 0.0,
        "abs_mean": 0.0010899239778518676
    },
    "previous_pledged": {
        "mean": 0.0029427891969680785,
        "std": 0.005485147104411673,
        "median": 0.0,
        "abs_mean": 0.0029427891969680785
    },
    "previous_funding_goal": {
        "mean": -6.131649017333985e-05,
        "std": 0.0006831986064949638,
        "median": 0.0,
        "abs_mean": 0.00026575326919555666
    }
}