{
    "train_history": {
        "train_loss": [
            0.46982500443343655,
            0.40785586577393307,
            0.35513455182765274,
            0.32821433383232973,
            0.3012493938615126,
            0.2833825297435763,
            0.2736308584589911,
            0.26376606344453063,
            0.2546411233978858,
            0.2472976300328855,
            0.24289356770634732,
            0.22331485265540538,
            0.2120447875693732,
            0.1918908826720379,
            0.17728718489936598,
            0.17385954040575088,
            0.16240261738402764,
            0.14976639092403446
        ],
        "val_loss": [
            0.4036481539047834,
            0.3569936718702199,
            0.3203912853405369,
            0.2715746455658236,
            0.2767954566874534,
            0.26443407793820284,
            0.2662847368243046,
            0.2514787970504496,
            0.2660954518242757,
            0.2715362303539957,
            0.2794023139211347,
            0.2718130355886293,
            0.2623305087904535,
            0.27928653173057283,
            0.2692214396360635,
            0.28281671416092996,
            0.3027216641816104,
            0.3035262502353527
        ],
        "val_auc": [
            0.8947406844106465,
            0.9199716096324461,
            0.9379021546261092,
            0.9537946768060837,
            0.9522869455006336,
            0.9562311787072244,
            0.9553277566539925,
            0.9589424588086184,
            0.9557059569074778,
            0.9560091254752853,
            0.9514839036755388,
            0.952981495564005,
            0.9555832699619772,
            0.9571021546261091,
            0.9561105196451205,
            0.9527604562737644,
            0.9523665399239545,
            0.9529992395437263
        ],
        "val_brier": [
            0.1295187299500763,
            0.11246570457878798,
            0.09878781905673698,
            0.08104845428479752,
            0.08341720031254907,
            0.07924123934744927,
            0.07954177534863892,
            0.07524538843823948,
            0.07920754515239499,
            0.08343738239884994,
            0.08522377921494625,
            0.08188203441241348,
            0.07907953560687675,
            0.08233991154561206,
            0.07982074166626194,
            0.08284494478234175,
            0.08671919952607494,
            0.0843807743012995
        ],
        "val_log_loss": [
            0.4036481564354941,
            0.3569936721216918,
            0.3203912839589265,
            0.27157464590363345,
            0.27679545776879383,
            0.26443407852410694,
            0.26628473846188994,
            0.25147879745245566,
            0.2660954508135395,
            0.27153622797327165,
            0.2794023143620905,
            0.2718130343133203,
            0.26233050792877544,
            0.2792865294677194,
            0.2692214426037604,
            0.28281671555513394,
            0.30272166504430137,
            0.3035262515938529
        ]
    },
    "best_epoch": 7,
    "best_val_auc": 0.9589424588086184,
    "test_metrics": {
        "loss": 0.2478168554139991,
        "auc": 0.9607229404309253,
        "brier": 0.0750588909060367,
        "log_loss": 0.24781685658531852
    }
}